{"cameraMode":{"drawMode":0,"name":"Shaded","section":"Shading Mode"},"sceneLighting":true,"audioPlay":false,"sceneViewState":{"m_AlwaysRefresh":false,"showFog":true,"showSkybox":true,"showFlares":true,"showImageEffects":true,"showParticleSystems":true,"showVisualEffectGraphs":true,"m_FxEnabled":true},"in2DMode":false,"pivot":{"x":-0.8465498685836792,"y":0.8497748374938965,"z":0.00295102596282959},"rotation":{"x":0.10014026612043381,"y":0.8519524335861206,"z":-0.17678165435791017,"w":0.48260125517845156},"size":5.042888641357422,"orthographic":true}