{"cameraMode":{"drawMode":0,"name":"Shaded","section":"Shading Mode"},"sceneLighting":true,"audioPlay":false,"sceneViewState":{"m_AlwaysRefresh":false,"showFog":true,"showSkybox":true,"showFlares":true,"showImageEffects":true,"showParticleSystems":true,"showVisualEffectGraphs":true,"m_FxEnabled":true},"in2DMode":false,"pivot":{"x":46.15617370605469,"y":1.6254509687423707,"z":-42.979549407958987},"rotation":{"x":0.46441465616226199,"y":-0.010624652728438378,"z":0.005577286705374718,"w":0.8855614066123962},"size":42.856468200683597,"orthographic":false}